label_name,bbox_x,bbox_y,bbox_width,bbox_height,image_name,image_width,image_height
plate,1025,250,131,31,vlcsnap-2023-06-12-19h21m26s999.png,1920,1080
plate,988,398,151,36,vlcsnap-2023-06-12-19h21m28s026.png,1920,1080
plate,977,532,179,39,vlcsnap-2023-06-12-19h21m28s690.png,1920,1080
plate,1018,697,224,59,vlcsnap-2023-06-12-19h21m29s348.png,1920,1080
plate,1111,825,242,68,vlcsnap-2023-06-12-19h21m29s762.png,1920,1080
plate,1276,949,268,83,vlcsnap-2023-06-12-19h21m30s190.png,1920,1080
plate,1052,182,114,35,vlcsnap-2023-06-12-19h24m25s619.png,1920,1080
plate,1021,278,131,37,vlcsnap-2023-06-12-19h24m26s398.png,1920,1080
plate,1001,350,140,34,vlcsnap-2023-06-12-19h24m26s887.png,1920,1080
plate,983,420,157,37,vlcsnap-2023-06-12-19h24m27s304.png,1920,1080
plate,976,506,173,37,vlcsnap-2023-06-12-19h24m27s723.png,1920,1080
plate,988,607,195,42,vlcsnap-2023-06-12-19h24m28s149.png,1920,1080
plate,1032,715,215,55,vlcsnap-2023-06-12-19h24m28s562.png,1920,1080
plate,1133,844,238,62,vlcsnap-2023-06-12-19h24m28s993.png,1920,1080
plate,1320,975,256,75,vlcsnap-2023-06-12-19h24m29s401.png,1920,1080
plate,1409,722,231,95,vlcsnap-2023-06-12-19h29m23s074.png,1920,1080
plate,1086,570,217,62,vlcsnap-2023-06-12-19h29m23s457.png,1920,1080
plate,921,386,196,60,vlcsnap-2023-06-12-19h29m23s861.png,1920,1080
plate,896,270,156,41,vlcsnap-2023-06-12-19h29m24s263.png,1920,1080
plate,938,182,131,36,vlcsnap-2023-06-12-19h29m24s669.png,1920,1080
plate,999,101,126,34,vlcsnap-2023-06-12-19h29m25s073.png,1920,1080
plate,1139,408,204,58,vlcsnap-2023-06-12-19h48m44s698.png,1920,1080
plate,1071,295,182,51,vlcsnap-2023-06-12-19h48m45s105.png,1920,1080
plate,1047,210,151,50,vlcsnap-2023-06-12-19h48m45s512.png,1920,1080
plate,1055,146,132,44,vlcsnap-2023-06-12-19h48m45s920.png,1920,1080
plate,1303,460,206,65,vlcsnap-2023-06-12-20h15m48s597.png,1920,1080
plate,1167,293,176,44,vlcsnap-2023-06-12-20h15m49s043.png,1920,1080
plate,1149,179,142,44,vlcsnap-2023-06-12-20h15m49s488.png,1920,1080
plate,1180,100,123,34,vlcsnap-2023-06-12-20h15m49s926.png,1920,1080
plate,1337,801,268,114,vlcsnap-2023-06-12-20h16m40s948.png,1920,1080
plate,1114,613,218,61,vlcsnap-2023-06-12-20h16m41s391.png,1920,1080
plate,1068,426,181,42,vlcsnap-2023-06-12-20h16m41s828.png,1920,1080
plate,1075,308,156,37,vlcsnap-2023-06-12-20h16m42s246.png,1920,1080
plate,1099,205,131,31,vlcsnap-2023-06-12-20h16m42s682.png,1920,1080
plate,986,197,118,30,vlcsnap-2023-06-12-20h22m23s123.png,1920,1080
plate,919,278,137,34,vlcsnap-2023-06-12-20h22m23s557.png,1920,1080
plate,845,383,157,41,vlcsnap-2023-06-12-20h22m23s997.png,1920,1080
plate,810,526,190,48,vlcsnap-2023-06-12-20h22m24s438.png,1920,1080
plate,871,722,238,66,vlcsnap-2023-06-12-20h22m24s874.png,1920,1080
plate,1086,932,287,90,vlcsnap-2023-06-12-20h22m25s318.png,1920,1080
plate,1385,740,226,79,vlcsnap-2023-06-12-20h28m36s822.png,1920,1080
plate,1180,524,185,53,vlcsnap-2023-06-12-20h28m37s231.png,1920,1080
plate,1133,363,156,42,vlcsnap-2023-06-12-20h28m37s632.png,1920,1080
plate,1144,243,139,36,vlcsnap-2023-06-12-20h28m38s037.png,1920,1080
plate,1403,574,231,70,vlcsnap-2023-06-12-20h35m08s924.png,1920,1080
plate,1242,399,203,58,vlcsnap-2023-06-12-20h35m09s327.png,1920,1080
plate,1180,288,181,50,vlcsnap-2023-06-12-20h35m09s734.png,1920,1080
plate,1158,209,157,44,vlcsnap-2023-06-12-20h35m10s137.png,1920,1080
plate,1167,154,139,35,vlcsnap-2023-06-12-20h35m10s540.png,1920,1080
plate,1181,99,132,35,vlcsnap-2023-06-12-20h35m10s939.png,1920,1080
plate,1371,522,229,92,vlcsnap-2023-06-12-20h37m32s412.png,1920,1080
plate,1138,349,204,65,vlcsnap-2023-06-12-20h37m32s818.png,1920,1080
plate,1038,235,162,43,vlcsnap-2023-06-12-20h37m33s245.png,1920,1080
plate,1013,161,153,38,vlcsnap-2023-06-12-20h37m33s645.png,1920,1080
plate,1019,115,140,35,vlcsnap-2023-06-12-20h37m34s045.png,1920,1080
plate,1036,96,131,32,vlcsnap-2023-06-12-20h37m34s461.png,1920,1080
plate,1047,185,125,36,vlcsnap-2023-06-12-20h47m14s022.png,1920,1080
plate,1022,257,137,39,vlcsnap-2023-06-12-20h47m14s455.png,1920,1080
plate,994,343,156,44,vlcsnap-2023-06-12-20h47m14s869.png,1920,1080
plate,966,438,175,53,vlcsnap-2023-06-12-20h47m15s277.png,1920,1080
plate,935,544,203,61,vlcsnap-2023-06-12-20h47m15s684.png,1920,1080
plate,918,683,240,70,vlcsnap-2023-06-12-20h47m16s096.png,1920,1080
plate,1097,810,2,2,vlcsnap-2023-06-12-20h47m16s096.png,1920,1080
plate,965,871,271,78,vlcsnap-2023-06-12-20h47m16s528.png,1920,1080
plate,1431,798,229,98,vlcsnap-2023-06-12-20h48m11s568.png,1920,1080
plate,1209,616,204,72,vlcsnap-2023-06-12-20h48m11s949.png,1920,1080
plate,1197,603,209,72,vlcsnap-2023-06-12-20h48m12s413.png,1920,1080
plate,1225,753,0,2,vlcsnap-2023-06-12-20h48m12s413.png,1920,1080
plate,1195,605,210,70,vlcsnap-2023-06-12-20h48m12s899.png,1920,1080
plate,1183,595,212,67,vlcsnap-2023-06-12-20h48m13s378.png,1920,1080
plate,1124,452,182,56,vlcsnap-2023-06-12-20h48m13s781.png,1920,1080
plate,1116,362,165,50,vlcsnap-2023-06-12-20h48m14s183.png,1920,1080
plate,1131,291,148,39,vlcsnap-2023-06-12-20h48m14s585.png,1920,1080
plate,1127,157,114,31,vlcsnap-2023-06-12-20h50m34s558.png,1920,1080
plate,1082,215,125,34,vlcsnap-2023-06-12-20h50m35s004.png,1920,1080
plate,1019,281,140,42,vlcsnap-2023-06-12-20h50m35s428.png,1920,1080
plate,943,357,157,42,vlcsnap-2023-06-12-20h50m35s866.png,1920,1080
plate,865,443,170,55,vlcsnap-2023-06-12-20h50m36s306.png,1920,1080
plate,820,555,196,58,vlcsnap-2023-06-12-20h50m36s733.png,1920,1080
plate,849,703,221,60,vlcsnap-2023-06-12-20h50m37s177.png,1920,1080
plate,996,874,268,78,vlcsnap-2023-06-12-20h50m37s599.png,1920,1080
plate,1652,913,252,140,vlcsnap-2023-06-12-20h53m16s136.png,1920,1080
plate,1279,689,231,86,vlcsnap-2023-06-12-20h53m16s519.png,1920,1080
plate,1139,496,192,61,vlcsnap-2023-06-12-20h53m16s882.png,1920,1080
plate,1108,340,159,55,vlcsnap-2023-06-12-20h53m17s290.png,1920,1080
plate,1128,221,132,41,vlcsnap-2023-06-12-20h53m17s702.png,1920,1080
plate,1159,134,112,33,vlcsnap-2023-06-12-20h53m18s112.png,1920,1080
plate,1638,639,235,115,vlcsnap-2023-06-12-20h58m02s777.png,1920,1080
plate,1306,483,223,83,vlcsnap-2023-06-12-20h58m03s167.png,1920,1080
plate,1135,326,195,64,vlcsnap-2023-06-12-20h58m03s564.png,1920,1080
plate,1108,223,170,44,vlcsnap-2023-06-12-20h58m03s969.png,1920,1080
plate,1135,129,140,50,vlcsnap-2023-06-12-20h58m04s366.png,1920,1080
plate,1161,64,132,36,vlcsnap-2023-06-12-20h58m04s769.png,1920,1080
plate,1607,648,229,111,vlcsnap-2023-06-12-21h00m21s595.png,1920,1080
plate,1361,553,226,76,vlcsnap-2023-06-12-21h00m21s997.png,1920,1080
plate,1194,430,212,70,vlcsnap-2023-06-12-21h00m22s402.png,1920,1080
plate,1110,329,189,55,vlcsnap-2023-06-12-21h00m22s795.png,1920,1080
plate,1085,248,162,44,vlcsnap-2023-06-12-21h00m23s196.png,1920,1080
plate,1085,178,154,39,vlcsnap-2023-06-12-21h00m23s603.png,1920,1080
plate,1092,120,139,41,vlcsnap-2023-06-12-21h00m24s023.png,1920,1080
plate,1674,871,243,104,vlcsnap-2023-06-12-21h02m48s898.png,1920,1080
plate,1203,248,146,45,vlcsnap-2023-06-12-21h02m52s323.png,1920,1080
plate,1192,204,140,45,vlcsnap-2023-06-12-21h02m52s734.png,1920,1080
plate,1339,282,2,2,vlcsnap-2023-06-12-21h02m52s734.png,1920,1080
plate,1552,779,232,92,vlcsnap-2023-06-12-21h04m08s233.png,1920,1080
plate,1354,630,214,70,vlcsnap-2023-06-12-21h04m13s467.png,1920,1080
plate,1255,514,201,61,vlcsnap-2023-06-12-21h04m13s898.png,1920,1080
plate,1209,430,179,50,vlcsnap-2023-06-12-21h04m14s309.png,1920,1080
plate,1195,340,162,45,vlcsnap-2023-06-12-21h04m14s750.png,1920,1080
plate,1200,263,136,39,vlcsnap-2023-06-12-21h04m15s188.png,1920,1080
plate,1208,193,126,37,vlcsnap-2023-06-12-21h04m15s632.png,1920,1080
plate,1451,890,246,118,vlcsnap-2023-06-12-21h07m24s272.png,1920,1080
plate,1194,749,207,61,vlcsnap-2023-06-12-21h07m24s692.png,1920,1080
plate,1044,594,214,64,vlcsnap-2023-06-12-21h07m25s079.png,1920,1080
plate,993,477,192,58,vlcsnap-2023-06-12-21h07m25s481.png,1920,1080
plate,990,391,168,48,vlcsnap-2023-06-12-21h07m25s888.png,1920,1080
plate,1007,319,159,47,vlcsnap-2023-06-12-21h07m26s292.png,1920,1080
plate,1049,257,142,44,vlcsnap-2023-06-12-21h07m26s698.png,1920,1080
plate,1131,358,0,2,vlcsnap-2023-06-12-21h07m26s698.png,1920,1080
plate,1097,198,128,39,vlcsnap-2023-06-12-21h07m27s101.png,1920,1080
plate,1418,598,235,78,vlcsnap-2023-06-13-11h48m27s846.png,1920,1080
plate,1236,464,218,67,vlcsnap-2023-06-13-11h48m28s253.png,1920,1080
plate,1147,362,195,55,vlcsnap-2023-06-13-11h48m28s696.png,1920,1080
plate,1113,284,179,44,vlcsnap-2023-06-13-11h48m29s126.png,1920,1080
plate,1117,204,154,44,vlcsnap-2023-06-13-11h48m29s523.png,1920,1080
plate,1141,145,137,42,vlcsnap-2023-06-13-11h48m29s975.png,1920,1080
plate,1186,242,2,0,vlcsnap-2023-06-13-11h48m29s975.png,1920,1080
plate,1170,90,123,33,vlcsnap-2023-06-13-11h48m30s366.png,1920,1080
plate,1457,737,260,97,vlcsnap-2023-06-13-11h59m57s075.png,1920,1080
plate,1188,536,232,73,vlcsnap-2023-06-13-11h59m57s477.png,1920,1080
plate,1096,357,199,59,vlcsnap-2023-06-13-11h59m57s870.png,1920,1080
plate,1111,234,154,49,vlcsnap-2023-06-13-11h59m58s275.png,1920,1080
plate,1149,153,137,42,vlcsnap-2023-06-13-11h59m58s675.png,1920,1080
plate,1172,90,129,34,vlcsnap-2023-06-13-11h59m59s082.png,1920,1080
plate,1404,672,260,92,vlcsnap-2023-06-13-12h02m41s300.png,1920,1080
plate,1189,531,235,78,vlcsnap-2023-06-13-12h02m41s694.png,1920,1080
plate,1086,399,209,72,vlcsnap-2023-06-13-12h02m42s099.png,1920,1080
plate,1049,305,184,62,vlcsnap-2023-06-13-12h02m42s500.png,1920,1080
plate,1050,226,159,51,vlcsnap-2023-06-13-12h02m42s901.png,1920,1080
plate,1077,164,145,42,vlcsnap-2023-06-13-12h02m43s305.png,1920,1080
plate,1114,109,129,37,vlcsnap-2023-06-13-12h02m43s711.png,1920,1080
plate,1155,67,120,34,vlcsnap-2023-06-13-12h02m44s107.png,1920,1080
plate,1538,804,223,100,vlcsnap-2023-06-13-12h17m07s132.png,1920,1080
plate,1325,690,223,72,vlcsnap-2023-06-13-12h17m07s529.png,1920,1080
plate,1198,566,207,62,vlcsnap-2023-06-13-12h17m07s933.png,1920,1080
plate,1099,655,2,0,vlcsnap-2023-06-13-12h17m07s933.png,1920,1080
plate,1144,472,192,53,vlcsnap-2023-06-13-12h17m08s332.png,1920,1080
plate,1131,401,175,50,vlcsnap-2023-06-13-12h17m08s736.png,1920,1080
plate,1133,334,164,48,vlcsnap-2023-06-13-12h17m09s143.png,1920,1080
plate,1153,281,151,44,vlcsnap-2023-06-13-12h17m09s540.png,1920,1080
plate,1164,234,142,39,vlcsnap-2023-06-13-12h17m09s944.png,1920,1080
plate,1181,193,129,37,vlcsnap-2023-06-13-12h17m10s331.png,1920,1080
plate,1195,156,126,37,vlcsnap-2023-06-13-12h17m10s736.png,1920,1080
plate,1209,128,120,33,vlcsnap-2023-06-13-12h17m11s138.png,1920,1080
plate,1446,734,203,89,vlcsnap-2023-06-13-12h18m33s321.png,1920,1080
plate,1233,550,192,62,vlcsnap-2023-06-13-12h18m33s723.png,1920,1080
plate,1144,415,161,53,vlcsnap-2023-06-13-12h18m34s116.png,1920,1080
plate,1125,307,143,47,vlcsnap-2023-06-13-12h18m34s516.png,1920,1080
plate,1145,220,125,42,vlcsnap-2023-06-13-12h18m34s914.png,1920,1080
plate,1184,150,115,41,vlcsnap-2023-06-13-12h18m35s315.png,1920,1080
plate,1465,784,232,111,vlcsnap-2023-06-14-05h52m07s233.png,1920,1080
plate,1202,580,203,73,vlcsnap-2023-06-14-05h52m07s639.png,1920,1080
plate,1105,410,175,53,vlcsnap-2023-06-14-05h52m08s029.png,1920,1080
plate,1094,287,146,45,vlcsnap-2023-06-14-05h52m08s444.png,1920,1080
plate,1110,187,132,37,vlcsnap-2023-06-14-05h52m08s833.png,1920,1080
plate,968,204,134,41,vlcsnap-2023-06-14-06h14m13s269.png,1920,1080
plate,915,285,159,41,vlcsnap-2023-06-14-06h14m13s706.png,1920,1080
plate,859,379,179,45,vlcsnap-2023-06-14-06h14m14s144.png,1920,1080
plate,796,492,204,56,vlcsnap-2023-06-14-06h14m14s577.png,1920,1080
plate,770,630,228,59,vlcsnap-2023-06-14-06h14m14s978.png,1920,1080
plate,789,815,268,69,vlcsnap-2023-06-14-06h14m15s366.png,1920,1080
plate,902,1016,315,64,vlcsnap-2023-06-14-06h14m15s765.png,1920,1080
plate,1069,123,114,41,vlcsnap-2023-06-14-06h18m54s462.png,1920,1080
plate,1049,168,120,34,vlcsnap-2023-06-14-06h18m54s862.png,1920,1080
plate,1029,220,129,37,vlcsnap-2023-06-14-06h18m55s263.png,1920,1080
plate,1001,274,140,37,vlcsnap-2023-06-14-06h18m55s655.png,1920,1080
plate,969,340,159,48,vlcsnap-2023-06-14-06h18m56s053.png,1920,1080
plate,934,415,182,58,vlcsnap-2023-06-14-06h18m56s469.png,1920,1080
plate,768,517,2,2,vlcsnap-2023-06-14-06h18m56s469.png,1920,1080
plate,901,511,203,61,vlcsnap-2023-06-14-06h18m56s861.png,1920,1080
plate,885,626,232,75,vlcsnap-2023-06-14-06h18m57s267.png,1920,1080
plate,918,762,252,73,vlcsnap-2023-06-14-06h18m57s662.png,1920,1080
plate,1013,888,287,93,vlcsnap-2023-06-14-06h18m58s051.png,1920,1080
plate,1083,118,115,30,vlcsnap-2023-06-14-06h21m36s881.png,1920,1080
plate,1057,162,136,40,vlcsnap-2023-06-14-06h21m37s287.png,1920,1080
plate,1035,223,140,41,vlcsnap-2023-06-14-06h21m37s661.png,1920,1080
plate,993,349,5,6,vlcsnap-2023-06-14-06h21m37s661.png,1920,1080
plate,1015,284,156,51,vlcsnap-2023-06-14-06h21m38s034.png,1920,1080
plate,993,362,170,54,vlcsnap-2023-06-14-06h21m38s433.png,1920,1080
plate,974,457,193,59,vlcsnap-2023-06-14-06h21m38s862.png,1920,1080
plate,976,575,226,62,vlcsnap-2023-06-14-06h21m39s246.png,1920,1080
plate,1030,729,256,79,vlcsnap-2023-06-14-06h21m39s640.png,1920,1080
plate,1172,902,288,94,vlcsnap-2023-06-14-06h21m40s050.png,1920,1080
plate,976,124,111,42,vlcsnap-2023-06-14-06h28m31s521.png,1920,1080
plate,926,188,117,37,vlcsnap-2023-06-14-06h28m31s905.png,1920,1080
plate,863,259,132,37,vlcsnap-2023-06-14-06h28m32s323.png,1920,1080
plate,815,339,148,42,vlcsnap-2023-06-14-06h28m32s701.png,1920,1080
plate,785,442,168,45,vlcsnap-2023-06-14-06h28m33s099.png,1920,1080
plate,785,570,207,54,vlcsnap-2023-06-14-06h28m33s510.png,1920,1080
plate,865,722,231,83,vlcsnap-2023-06-14-06h28m33s928.png,1920,1080
plate,1036,876,254,89,vlcsnap-2023-06-14-06h28m34s322.png,1920,1080
plate,1502,886,240,82,vlcsnap-2023-06-14-06h38m33s482.png,1920,1080
plate,1276,691,217,63,vlcsnap-2023-06-14-06h38m33s877.png,1920,1080
plate,1170,517,190,55,vlcsnap-2023-06-14-06h38m34s286.png,1920,1080
plate,1138,389,168,46,vlcsnap-2023-06-14-06h38m34s685.png,1920,1080
plate,1135,285,142,38,vlcsnap-2023-06-14-06h38m35s089.png,1920,1080
plate,1142,208,120,35,vlcsnap-2023-06-14-06h38m35s488.png,1920,1080
plate,1141,143,125,34,vlcsnap-2023-06-14-06h38m35s890.png,1920,1080
plate,1459,785,245,90,vlcsnap-2023-06-14-07h36m48s621.png,1920,1080
plate,1269,611,214,64,vlcsnap-2023-06-14-07h36m49s040.png,1920,1080
plate,1197,478,190,59,vlcsnap-2023-06-14-07h36m49s430.png,1920,1080
plate,1184,377,167,50,vlcsnap-2023-06-14-07h36m49s837.png,1920,1080
plate,1141,508,3,0,vlcsnap-2023-06-14-07h36m49s837.png,1920,1080
plate,1200,287,151,50,vlcsnap-2023-06-14-07h36m50s274.png,1920,1080
plate,1211,215,139,42,vlcsnap-2023-06-14-07h36m50s690.png,1920,1080
plate,1080,115,112,36,vlcsnap-2023-06-14-09h31m08s578.png,1920,1080
plate,1044,171,126,44,vlcsnap-2023-06-14-09h31m08s987.png,1920,1080
plate,1005,243,140,44,vlcsnap-2023-06-14-09h31m09s441.png,1920,1080
plate,965,309,159,51,vlcsnap-2023-06-14-09h31m09s869.png,1920,1080
plate,968,429,2,0,vlcsnap-2023-06-14-09h31m09s869.png,1920,1080
plate,937,372,176,51,vlcsnap-2023-06-14-09h31m10s324.png,1920,1080
plate,912,450,193,59,vlcsnap-2023-06-14-09h31m10s736.png,1920,1080
plate,910,535,204,59,vlcsnap-2023-06-14-09h31m11s125.png,1920,1080
plate,918,628,231,73,vlcsnap-2023-06-14-09h31m11s540.png,1920,1080
plate,963,723,248,72,vlcsnap-2023-06-14-09h31m11s949.png,1920,1080
plate,1060,837,271,83,vlcsnap-2023-06-14-09h31m12s381.png,1920,1080
plate,1219,943,288,77,vlcsnap-2023-06-14-09h31m12s790.png,1920,1080
plate,1345,1005,282,75,vlcsnap-2023-06-14-09h35m49s677.png,1920,1080
plate,1177,848,263,76,vlcsnap-2023-06-14-09h35m50s073.png,1920,1080
plate,1117,700,232,70,vlcsnap-2023-06-14-09h35m50s472.png,1920,1080
plate,1102,564,206,61,vlcsnap-2023-06-14-09h35m50s876.png,1920,1080
plate,1102,449,192,56,vlcsnap-2023-06-14-09h35m51s280.png,1920,1080
plate,1131,545,3,5,vlcsnap-2023-06-14-09h35m51s280.png,1920,1080
plate,1114,355,167,55,vlcsnap-2023-06-14-09h35m51s683.png,1920,1080
plate,1135,282,157,44,vlcsnap-2023-06-14-09h35m52s076.png,1920,1080
plate,1150,212,131,42,vlcsnap-2023-06-14-09h35m52s482.png,1920,1080
plate,1644,909,240,132,vlcsnap-2023-06-14-09h37m06s968.png,1920,1080
plate,1236,701,224,83,vlcsnap-2023-06-14-09h37m07s376.png,1920,1080
plate,1061,496,198,62,vlcsnap-2023-06-14-09h37m07s786.png,1920,1080
plate,1024,351,167,56,vlcsnap-2023-06-14-09h37m08s202.png,1920,1080
plate,1054,231,134,45,vlcsnap-2023-06-14-09h37m08s624.png,1920,1080
plate,1089,143,118,36,vlcsnap-2023-06-14-09h37m09s022.png,1920,1080
plate,1635,877,243,126,vlcsnap-2023-06-14-09h38m04s506.png,1920,1080
plate,1326,742,245,87,vlcsnap-2023-06-14-09h38m04s924.png,1920,1080
plate,1156,574,209,56,vlcsnap-2023-06-14-09h38m05s342.png,1920,1080
plate,1108,443,187,51,vlcsnap-2023-06-14-09h38m05s748.png,1920,1080
plate,1106,340,164,47,vlcsnap-2023-06-14-09h38m06s148.png,1920,1080
plate,1136,261,142,40,vlcsnap-2023-06-14-09h38m06s558.png,1920,1080
plate,1158,181,131,41,vlcsnap-2023-06-14-09h38m06s988.png,1920,1080
plate,1164,130,122,35,vlcsnap-2023-06-14-09h38m07s392.png,1920,1080
plate,1580,871,243,122,vlcsnap-2023-06-14-09h43m06s952.png,1920,1080
plate,1343,743,238,94,vlcsnap-2023-06-14-09h43m07s343.png,1920,1080
plate,1211,606,223,75,vlcsnap-2023-06-14-09h43m07s747.png,1920,1080
plate,1158,503,198,65,vlcsnap-2023-06-14-09h43m08s152.png,1920,1080
plate,1152,407,176,59,vlcsnap-2023-06-14-09h43m08s551.png,1920,1080
plate,1153,337,171,55,vlcsnap-2023-06-14-09h43m08s964.png,1920,1080
plate,1177,272,142,42,vlcsnap-2023-06-14-09h43m09s398.png,1920,1080
plate,1180,215,136,43,vlcsnap-2023-06-14-09h43m09s809.png,1920,1080
plate,1437,648,252,87,vlcsnap-2023-06-14-09h48m52s584.png,1920,1080
plate,1270,499,226,69,vlcsnap-2023-06-14-09h48m52s991.png,1920,1080
plate,1200,388,206,61,vlcsnap-2023-06-14-09h48m53s393.png,1920,1080
plate,1184,298,179,56,vlcsnap-2023-06-14-09h48m53s799.png,1920,1080
plate,1203,219,153,47,vlcsnap-2023-06-14-09h48m54s242.png,1920,1080
plate,1233,151,139,42,vlcsnap-2023-06-14-09h48m54s684.png,1920,1080
plate,1259,97,131,36,vlcsnap-2023-06-14-09h48m55s128.png,1920,1080
plate,1532,751,263,115,vlcsnap-2023-06-14-10h01m28s428.png,1920,1080
plate,1346,661,257,76,vlcsnap-2023-06-14-10h01m28s913.png,1920,1080
plate,1244,574,245,69,vlcsnap-2023-06-14-10h01m29s389.png,1920,1080
plate,1219,484,223,66,vlcsnap-2023-06-14-10h01m29s793.png,1920,1080
plate,1206,410,209,64,vlcsnap-2023-06-14-10h01m30s193.png,1920,1080
plate,1214,343,193,59,vlcsnap-2023-06-14-10h01m30s641.png,1920,1080
plate,1230,291,175,54,vlcsnap-2023-06-14-10h01m31s082.png,1920,1080
plate,1233,231,161,47,vlcsnap-2023-06-14-10h01m31s512.png,1920,1080
plate,1242,193,148,42,vlcsnap-2023-06-14-10h01m31s917.png,1920,1080
plate,1236,143,136,39,vlcsnap-2023-06-14-10h01m32s375.png,1920,1080
plate,1234,100,128,42,vlcsnap-2023-06-14-10h01m32s774.png,1920,1080
plate,1452,712,217,92,vlcsnap-2023-06-14-10h16m45s938.png,1920,1080
plate,1208,535,195,72,vlcsnap-2023-06-14-10h16m46s342.png,1920,1080
plate,1100,410,175,55,vlcsnap-2023-06-14-10h16m46s711.png,1920,1080
plate,1074,306,153,44,vlcsnap-2023-06-14-10h16m47s167.png,1920,1080
plate,1085,220,129,36,vlcsnap-2023-06-14-10h16m47s582.png,1920,1080
plate,1096,150,122,34,vlcsnap-2023-06-14-10h16m48s030.png,1920,1080
plate,1082,163,125,37,vlcsnap-2023-06-14-10h20m06s005.png,1920,1080
plate,1047,248,145,41,vlcsnap-2023-06-14-10h20m06s431.png,1920,1080
plate,1001,348,164,48,vlcsnap-2023-06-14-10h20m06s878.png,1920,1080
plate,958,465,185,48,vlcsnap-2023-06-14-10h20m07s312.png,1920,1080
plate,915,592,214,64,vlcsnap-2023-06-14-10h20m07s729.png,1920,1080
plate,898,761,243,61,vlcsnap-2023-06-14-10h20m08s131.png,1920,1080
plate,966,941,288,72,vlcsnap-2023-06-14-10h20m08s542.png,1920,1080
plate,1414,893,266,118,vlcsnap-2023-06-14-10h23m18s357.png,1920,1080
plate,1170,719,238,70,vlcsnap-2023-06-14-10h23m18s758.png,1920,1080
plate,1088,543,198,56,vlcsnap-2023-06-14-10h23m19s168.png,1920,1080
plate,1080,407,176,53,vlcsnap-2023-06-14-10h23m19s561.png,1920,1080
plate,1099,305,157,47,vlcsnap-2023-06-14-10h23m19s956.png,1920,1080
plate,1127,229,139,38,vlcsnap-2023-06-14-10h23m20s371.png,1920,1080
plate,1150,154,129,36,vlcsnap-2023-06-14-10h23m20s824.png,1920,1080
plate,1178,105,101,31,vlcsnap-2023-06-14-10h23m21s269.png,1920,1080
plate,1018,142,123,36,vlcsnap-2023-06-14-10h42m58s845.png,1920,1080
plate,951,204,136,37,vlcsnap-2023-06-14-10h42m59s270.png,1920,1080
plate,862,285,154,59,vlcsnap-2023-06-14-10h42m59s692.png,1920,1080
plate,751,421,178,58,vlcsnap-2023-06-14-10h43m00s149.png,1920,1080
plate,678,597,226,65,vlcsnap-2023-06-14-10h43m00s553.png,1920,1080
plate,771,827,271,77,vlcsnap-2023-06-14-10h43m00s955.png,1920,1080
plate,1498,679,243,108,vlcsnap-2023-06-14-10h47m32s791.png,1920,1080
plate,1270,521,221,70,vlcsnap-2023-06-14-10h47m33s184.png,1920,1080
plate,1145,390,193,59,vlcsnap-2023-06-14-10h47m33s592.png,1920,1080
plate,1096,290,167,58,vlcsnap-2023-06-14-10h47m34s015.png,1920,1080
plate,1074,198,145,50,vlcsnap-2023-06-14-10h47m34s444.png,1920,1080
plate,1072,128,140,41,vlcsnap-2023-06-14-10h47m34s879.png,1920,1080
plate,1102,78,111,30,vlcsnap-2023-06-14-10h47m35s284.png,1920,1080
plate,1342,759,237,91,vlcsnap-2023-06-14-10h59m19s362.png,1920,1080
plate,1128,558,212,72,vlcsnap-2023-06-14-10h59m19s773.png,1920,1080
plate,1069,403,173,52,vlcsnap-2023-06-14-10h59m20s167.png,1920,1080
plate,1074,284,146,42,vlcsnap-2023-06-14-10h59m20s556.png,1920,1080
plate,1083,190,128,41,vlcsnap-2023-06-14-10h59m20s958.png,1920,1080
plate,1110,117,115,33,vlcsnap-2023-06-14-10h59m21s338.png,1920,1080
plate,1141,185,129,40,vlcsnap-2023-06-14-11h16m44s068.png,1920,1080
plate,1117,257,145,46,vlcsnap-2023-06-14-11h16m44s460.png,1920,1080
plate,1097,349,170,53,vlcsnap-2023-06-14-11h16m44s859.png,1920,1080
plate,1089,474,198,56,vlcsnap-2023-06-14-11h16m45s265.png,1920,1080
plate,1149,642,235,65,vlcsnap-2023-06-14-11h16m45s667.png,1920,1080
plate,1315,883,284,90,vlcsnap-2023-06-14-11h16m46s056.png,1920,1080
plate,994,231,129,37,vlcsnap-2023-06-14-11h17m16s954.png,1920,1080
plate,994,230,128,41,vlcsnap-2023-06-14-11h17m17s439.png,1920,1080
plate,990,235,132,34,vlcsnap-2023-06-14-11h17m17s912.png,1920,1080
plate,990,237,131,41,vlcsnap-2023-06-14-11h17m18s399.png,1920,1080
plate,962,311,150,41,vlcsnap-2023-06-14-11h17m18s819.png,1920,1080
plate,938,372,154,42,vlcsnap-2023-06-14-11h17m19s217.png,1920,1080
plate,913,444,173,53,vlcsnap-2023-06-14-11h17m19s621.png,1920,1080
plate,904,537,198,48,vlcsnap-2023-06-14-11h17m20s020.png,1920,1080
plate,932,652,212,56,vlcsnap-2023-06-14-11h17m20s418.png,1920,1080
plate,1002,781,245,74,vlcsnap-2023-06-14-11h17m20s820.png,1920,1080
plate,1156,912,266,89,vlcsnap-2023-06-14-11h17m21s222.png,1920,1080
plate,1099,346,157,64,vlcsnap-2023-06-14-11h41m59s876.png,1920,1080
plate,1088,410,171,55,vlcsnap-2023-06-14-11h42m00s223.png,1920,1080
plate,1085,464,193,53,vlcsnap-2023-06-14-11h42m00s622.png,1920,1080
plate,1082,519,201,61,vlcsnap-2023-06-14-11h42m00s970.png,1920,1080
plate,1089,589,214,65,vlcsnap-2023-06-14-11h42m01s324.png,1920,1080